,Code ISIN,Dénomination,Yahoo query
1,FR0000288946,AXA Court Terme AC,AXACRTT
3,FR0010269829,Hottinguer Monétaire Euro A,HRMONEE
4,FR0010529727,Hottinguer Monétaire Euro B,HRMONEB
5,FR0010513523,R Sérénité PEA (C),RCSPEAC
7,LU0568621618,Amundi Fds Cash USD AU-C,SOGMUSD
8,LU0128498267,Pictet Short-Term Money Market CHF P,PIPCHAI
10,FR0010376020,CPR 7-10 Euro SR P,CPROATP
11,FR0007465075,Ecofi Quant Obligations,EFINOTI
12,FR0000971293,HSBC Euro Gvt Bond Fund (C),HSBEURC
14,LU1681040652,Amundi IS US Treasury 7-10 ETF-C USD,US7
16,LU0935222900,Ostrum Euro Inflation R/A EUR,IXINFNR
18,FR0010636399,SLF (F) Bond Global Inflation P,SLFIMOP
19,LU0461807983,SLF (Lux) Bond Inflation Prot R,BONDINR
20,FR0010187674,Amundi Inflation Monde I,INFLMON
21,LU0266010296,AXA WF Global Inflation Bd EC EUR,AXAGIAE
23,LU1681041114,Amundi Floating Rate Euro Corp 1-3 UCITS ETF,FRNE
24,FR0010116343,BNP Paribas Bond Cash Equivalent Cl C,MONPRME
25,FR0007451745,BSO Court Terme,BSOSEPL
26,FR0010149120,Carmignac Sécurité A EUR Acc,CARSECC
27,FR0010304089,CPR Oblig 12 mois P,OBLGEUR
28,FR0000027609,Lazard Euro Short Duration IC,LAOBPRI
29,FR0000982035,MAM Short Term Bonds C,MONDISC
30,FR0010697482,R-Co Credit Horizon 12M C,ELAN13C
31,FR0007386313,SLGP Short Bonds P,SOWATRE
32,FR0010819821,Tikehau Taux Variables P,
34,LU0616241476,Amundi Fds Euro Aggt Bd A EUR C,SOGEAAC
35,LU0284393930,DNCA Invest Beyond European Bd Opp A EUR,LEOEURA
36,FR0010057075,Ecureuil Obli Euro C,ECURCAP
37,LU0170474000,Franklin European Total Ret N Acc EUR,TEMTRBX
38,FR0010061283,HSBC SRI Euro Bond AC,HSBCEOR
39,FR0000971806,MAM Flexible Bonds (C),OBTFMTC
40,FR0011034818,Schelcher Prince Opportunité Eurp P,SCHPOEP
42,FR0013048253,SLF (F) Opportunité High Yield 2021 P,
43,FR0013332418,SLF (F) Opportunité High Yield 2023 P C,SWOHYPC
44,FR0013258647,La Française Rendement Global 2025 R,LFGL25R
45,LU1916458802,LF Lux JKC Asia Bond 2023 R Eur H Cap,JAB23RC
46,FR0013165719,MAM Euro Plus 2021 C,
47,FR0011131812,Tikehau 2022 C,
49,LU0292585626,AXA IM FIIS US Short Dur HY FH EUR (C),AXAUSHF
50,LU0276013249,AXA WF US High Yield Bonds E(H)-C EUR,AXUHYBE
51,LU1876460061,Axiom Optimal Fix R,AXOPTFR
52,FR0013277571,Echiquier Altarocca Hybrid Bonds R,ALHYBRR
53,FR0013259181,Groupama Axiom Legacy 21 N,GRAL21N
54,LU0289473059,JPM Income Opp D perf (acc) EURH,JPMIOAD
55,FR0010952796,Lazard Capital Fi R,LAZOBCR
56,FR0010590950,Lazard Credit Fi C,LFOBJFI
57,FR0010752543,Lazard Credit Fi R,LFOBJFR
58,LU0776290842,UBS (Lux) BF Euro High Yield P CHF Hdg,UBSEHCH
60,LU1623762843,Carmignac Pf Uncons Credit A EUR Acc,CARUCAE
61,FR0010986315,DNCA Sérénité Plus C,DNCASEP
62,LU1161527038,EdRF Bond Allocation A,EDRBAAE
63,FR0013393329,H2O Multibonds SR,H20MESR
64,FR0010697532,Keren Corporate C,KERCORR
65,FR0010657601,La Française Multistratégies Obligs R,LFPOBLP
66,LU0563303998,LO Funds - Euro BBB-BB Fdmtl (EUR) P A,LOBBBPA
67,FR0000971913,MAM Taux Variables (C),HOR301C
68,FR0013047412,Pluvalca Multibonds A,PLUMBAA
69,FR0012735322,Salamandre Euro Rendement C,
70,FR0010707513,Schelcher Prince Oblig Moyen Terme P,SCHP16P
71,FR0012696102,SPPI Multi-Oblig A/I,SPPIMOB
72,FR0010460493,Tikehau Credit Plus A,TICRPLA
74,LU0336083497,Carmignac Pf Uncons Glb Bd A EUR Acc,CARGLBD
75,LU1532731897,LO Funds Global Climate Bd Syst.H EUR RA,LOGSERA
76,LU1670720033,M&G (Lux) Glb Macro Bd B EUR Acc,MGGMEBA
77,IE00B05QM511,PIMCO GIS Global Bond Inv EUR Hdg Acc,PIMGEHA
78,LU0294219869,Templeton Global Bond A EUR-H1,TEGACEH
79,LU0260870588,Templeton Global Bond N EUR,TEMNAEU
80,LU0260870661,Templeton Global Total Ret A EUR (C),TGTAACE
81,LU0294221097,Templeton Global Total Ret A EUR-H1,TGRAACH
82,LU0260870745,Templeton Global Total Ret N EUR,TGTNAEU
83,LU0294221253,Templeton Global Total Ret N EUR-H1 (C),TGNACEH
85,FR0011513522,Arc Flexibond C,ARCFLBA
87,LU1876460905,Axiom Obligataire R EUR,AXOBLIR
88,LU0594300682,Fidelity Sust Strat Bd A-Acc-EUR H,FFGSAAE
89,FR0010230490,Lazard Credit Opportunities A,LAOBAOA
91,IE00B7KFL990,PIMCO GIS Income E Acc USD,PIMINEA
93,FR0010156604,Amundi Oblig Internationales P EUR,CAAMOIP
94,LU0798462528,LO Funds - Gbl BBB-BB Fdmtl (EUR) P A,LBBBEPA
96,IE00B23XD337,Loomis Sayles Multisect Inc Fd R/A EUR,LYMBDRE
98,LU0441493979,SLF (Lux) Bond Euro Corporate EUR R,SWIBGCR
99,BE0945493345,Candriam Sust Euro Corporate Bonds C Cap,UO4Y
100,FR0010491803,Echiquier Credit Europe A,FDEECOB
101,FR0011045145,Epargne Ethique Obligations (C),ETHOBLC
102,FR0010702175,G Fund Crédit Euro ISR NC,GCEISND
103,FR0013345683,LBPAM ISR Obli Crédit L A/I,LBPROCL
104,LU1829219127,Lyxor Euro Corporate Bond ETF Acc,CRP
105,FR0000971822,MAM Transition Durable Obligations C,OBTFLTC
106,FR0007008750,R Euro Crédit C,SOGOBLT
107,FR0010807107,R Euro Crédit F,ROBLPRF
108,FR0010734442,SLGP Corporate Bonds (C),SLGPCBC
110,LU0717900707,SLF (Lux) Bond Global Corporates EUR R Cap,SBGCDVR
112,LU0119110723,Amundi Fds Bd Euro High Yield AE-C,CHIYIAA
113,FR0010986919,Ecofi High Yield,ECOHGYD
114,LU1160363633,EdRF Signatures Euro High Yield A-EUR,EDRSEHA
115,LU0110060430,Fidelity Fds European High Yield A (D),FIDEUHG
116,LU1812090543,Lyxor BofAML € HY Ex-Fincl Bd ETF Dis,YIEL
117,FR0000981946,MAM High Yield,MEEHTRE
118,FR0010505313,Lazard Corpo Euro High Yield C,LFOBAHR
119,FR0010560037,Schelcher Prince Haut Rendement P,SPSPHRP
121,FR0010962910,SLF (F) Rendement P Cap,
122,LU0837062016,SLF (Lux) Bond Global High Yield R EUR,SLGHYRE
123,LU0125750504,AXA WF Global High Yield Bds A(H)-C EUR,AXWHYAC
124,FR0011445436,Candriam Patrimoine Obli-Inter C,DEXOBIE
126,LU1098217729,Swiss Life (LUX) Bd Em Mkts Corp R EUR H,SWBREHC
127,LU1161086159,Amundi Fds Bd Global Emg Blended AE-C,AMBBAEC
128,LU0907913460,Amundi Fds Bd Global Emg Hard Curr AE-C,ABGEAEC
129,LU0660296111,CS (Lux) Emerging Market Corp Bd BH EUR,CLEBDHE
130,LU1160351208,EdRF - Emerging Bonds A-EUR Acc,LCFEAEU
131,LU0238205289,Fidelity Fds Emerging Mkts Dbt A EUR (C),FFEMDAE
132,IE00BFNXVS58,Muzinich EmergingMktsShrtDur HEUR Acc R,MESHEAR
134,LU0907928575,DPAM L Bonds Emerging Markets Sust L EUR,PLBEMSL
135,LU0234585437,HSBC GIF Global Emerg Mkts Loc Debt A(C),HGLEMAC
136,LU1165644672,IVO Fixed Income EUR R Acc,IVOCAPR
137,LU0823386163,BNP Paribas Local Em Bd Cl C,FORBLCC
138,LU0280437830,Pictet-Emerging Local Ccy Debt-R EUR,PFEMLOR
140,LU0568615057,Amundi Fds Convertible Europe AE-C,SGBEUCA
141,FR0010028761,BNP Paribas Convertibles Europe P,BNPCVEU
142,FR0007495460,BSO Alliage Convertible (C),BSOCNVC
143,FR0010725499,CPR Convexité (C),CPRCAPE
144,LU0401809073,DNCA Invest Convertibles A EUR,LDNCACA
145,FR0011672799,Echiquier Altarocca Convertibles R,
146,FR0010377143,Echiquier Convexité Europe A,AAMACEA
147,FR0010191908,Ecofi Convertibles Euro C,INOGSTN
148,FR0007011432,Ecofi Entreprises,BTPINVC
149,LU1103207525,EdRF - Europe Convertibles A-EUR Acc,EDRECAE
150,FR0010906461,Lazard Convertible Euro Moderato R,LAZOCNR
151,FR0010637900,Lazard Convertible Europe A,OBJCONA
152,FR0000970980,MAM Obli Convertibles (C),MEEOBCO
153,FR0007083332,Metropole Convertibles,METCONV
154,FR0000980989,Oddo BHF European Convert Mod CR-EUR,
155,FR0010297564,Oddo BHF European Convertibles CR-EUR,
156,FR0010014480,Ofi Rs Euro Convertible Bond Defensive,OFIERCC
157,FR0013303609,OFI Financial Invmt Rs Eurp CnvrtPart Rc,OFECBRC
158,FR0007009139,R Conviction Convertibles Europe,ROTCOEU
159,FR0000284093,Schelcher Prince Convertibles I,VIGNYSE
160,FR0010771055,Schelcher Prince Convertibles P,SCHPCVP
161,FR0011167410,Schelcher Prince Convert Mid Cap Euro P,SCPCMCP
162,FR0010644674,UBAM Convertibles Euro 10-40 AC EUR,
164,LU0179220255,Deutsche Invest I Convertibles NC,DWSCNNC
165,LU1160353758,EdRF - Global Convertibles A-EUR Acc,EDGAEUR
166,LU0210533500,JPM Global Convertibles (EUR) A (C),JPGCAAE
167,LU0159201655,LO Funds Convertible Bond P (C),LOMCONV
168,LU0823394852,BNP Paribas Glbl Cnvrt Cl RH EUR C,FORBCWC
170,FR0000098683,Lazard Convertible Global A A/I,OBJCONV
171,FR0010858498,Lazard Convertible Global R A/I,OBJCONR
172,LU0394780216,LO Funds Convertible Bond Asia P EUR (C),LOCBEPA
174,FR0012366763,Elan Oblig Bear F EUR,
176,LU0572586591,Alken Absolute Return Europe A,ALKAREA
177,FR0011243336,Altimeo Optimum R,
178,LU0272941971,Amundi Fds Absolute Vol Euro Eqs AE-C,CAVEQAC
179,LU1195385643,Aviva Investors MltStratTrgtRet B €Acc,AIMSIXB
180,FR0010174144,BDL Rempart Europe,BDLALEU
181,IE00B3T5WH77,BNY Mellon Absolute Return Eq EUR R Hdg,BAREERH
182,IE00B4Z6HC18,BNY Mellon Glbl Real Return A EUR (C),BNGRRAE
183,LU1136399976,Boussard & Gavaudan Absolute Ret R EUR,BGARREA
184,FR0010149179,Carmignac Long-Short European Equities,CARFRPR
185,LU0599946893,Deutsche Concept Kaldemorgen LC,DWSKALC
186,LU1694789535,DNCA Invest Alpha Bonds B EUR,DNCABBE
187,LU0641745681,DNCA Invest Miuri B,DMIURBE
188,FR0013184041,Echiquier Prime,
189,FR0012815876,Echiquier QME,ECHQMEU
190,LU1920211973,Eleva UCITS Eleva Abs Ret Eurp A2EUR acc,
191,LU0616900774,Exane Funds 2 Exane Cristal B EUR Acc,EXCRISB
192,FR0010402990,Exane Pleiade Performance P,EXPLE8P
193,LU1093756242,Franklin K2 Alt Strats A Acc €-H1,FKAAAEH
194,FR0013393188,H2O Adagio SR,H2ADESR
195,FR0013393220,H2O Allégro SR,H2ALESR
196,IE00BYVMHH83,H2O Barry Active Value R EUR,H2OBAVR
197,IE00BYNJF397,H2O Fidelio R-C EUR H,
198,FR0013393295,H2O Moderato SR,H2MOESR
199,FR0011584390,JL Equity Market Neutral P,
200,LU0115098948,JPM Global Macro Opportunities D,JPMECAD
201,FR0011176338,La Française Absolute Emerging Debt R,LFPPEMR
202,LU1602252113,Laffitte Risk Arbitrage A,LAFRISA
203,FR0011530559,Lazard Long Short Flexible R,
204,LU1012219207,LFIS Vision UCITS Premia R EUR,LFVRPRE
205,LU0982863069,Mandarine Multi-Assets R,MANMSTR
206,FR0010400762,Moneta Long Short A,MONETAL
207,LU0445386369,Nordea 1 - Alpha 10 MA BP EUR,NORMABP
208,FR0010609602,Orchidée I Long/Short,ORCHIDE
209,FR0011024298,Phileas L/S Europe R EUR,PHLSEUR
210,FR0007066782,Rivoli Long Short Bond Fund P,
211,FR0013203650,SICAV Amplégest Long/Short AC,AMPLELS
212,FR0010363366,Sycomore L/S Opportunities R,SYCOPTR
214,FR0000438087,HSBC Clic Euro 85 G,CLIACDY
215,FR0011245240,Sélection Protection 85 R,
217,FR0010308825,SLF (F) Defensive P,SLFDEFE
218,LU0367327417,SLF (Lux) Prudent R,SLPFDRC
219,FR0010526061,Alienor Alter Euro A,ACALTEU
220,FR0010010876,Arc Patrimoine,CARSOLE
221,FR0010959718,Athymis Alternatifs,
222,FR0010772129,Athymis Patrimoine P,ATEURUS
223,LU1599120273,Auris Selection Defensive R EUR,AURSEDR
224,LU1250158166,Auris SICAV Fondation Equilibre R Cap,ADBREUR
225,FR0012902328,Azur Epargne,AZEPARG
226,LU0336084032,Carmignac Capital Plus A EUR acc,CARCSHP
227,FR0010177899,Choix Solidaire (C),ECOQUTR
228,FR0007389002,Cogefi Short Term Bond P,CRTTOPR
229,FR0010097667,CPR Croissance Défensive P,CPRCROP
230,FR0010611293,Echiquier Arty,FINARTY
231,FR0010434019,Echiquier Patrimoine,ECHPATR
232,LU0992632538,EdRF Income Europe A-EUR,EDRIEAA
233,LU1005537912,EdRF QUAM 5 A-EUR,EDRQ5AE
234,FR0013053220,Erasmus Capital Plus,ERAPATR
235,LU0564184074,Ethna-AKTIV E R-T,ETAKTRT
236,FR0010083535,Euro Rendement Patrimoine,SLACCPP
237,FR0007051040,Eurose C,DNCASER
238,FR0011261908,Fastea Patrimoine,FASPTEF
239,FR0010752956,FDE Patrimoine AC,AMPREAC
240,FR0011516830,Globale Sérénité,GLBSERE
241,FR0010487512,Haas Epargne Patrimoine C,HASEPPT
242,FR0011142272,Hastings Rendement AC,EKSAGAC
243,FR0010269803,Hottinguer Oblig,HRHROBL
244,FR0010739029,Hottinguer Patrimoine Europe,HTPATEU
245,FR0007036942,HSBC Select Moderate A,MODEVRM
246,FR0010077917,Indépendant Patrimoine,GESECUR
247,LU0243957239,Invesco Pan European Hi Inc A EUR Acc,INVCEAA
248,FR0000980427,Keren Patrimoine,KERTRDY
249,FR0012355139,Lazard Patrimoine R,LAZPATR
250,LU1792143858,LFP Opportunity - Aramis Patrimoine C,LFOAPCE
251,FR0010638726,LMdG Flex Patrimoine (EUR) I Eur A/I,UBSFARI
252,FR0010638718,LMdG Flex Patrimoine (EUR) P Eur A/I,
253,FR0010626291,LMdG Flex Patrimoine (EUR) R Eur A/I,UBSFARR
254,LU1582982283,M&G (Lux) Conservative Allc A EUR Acc,MGCAAEA
255,LU1670724373,M&G (Lux) Optimal Income A EUR Acc,MGOIEAA
256,LU1670724373,M&G (Lux) Optimal Income A EUR Acc,MGOIEAA
257,FR0000971764,MAM Patrimoine (C),MEEPRSC
258,DE000A2JJ1W5,Oddo BHF Polaris Moderate CR EUR,ODBPMCR
259,FR0010813329,Sanso Objectif Durable 2024 A,EFGOPTB
260,FR0013324696,Par 2 Convictions,
261,FR0013339512,PCA Modéré,PCAMODE
262,FR0011136563,Proclero C,PROCLER
263,FR0011276617,R Alizés F,RALIZEF
264,FR0007032065,R Allocation Modérée C,
265,FR0007028907,R Opal Modéré,SELRPRU
266,LU1100077442,Rouvier Patrimoine ,ROUVPAT
267,FR0010640029,Sanso Patrimoine C,HIXPATR
268,LU0757360457,Schroder ISF Glbl Mlt-Ast Inc A € H Acc,SCGMAHA
269,IE00BF2MZX67,SEI GAF Euro Conservative EUR Wlth C Acc,SEEUWCA
270,FR0007468830,SG Flexible C,SGTOPHR
271,FR0010363648,SLGP Income Convertible,SLMONPL
272,FR0013188257,SLGP Quantera,SLGPQNT
273,FR0011299379,Sunny Euro Stratégic Plus R,SUNPATD
274,FR0010996629,Sunny Euro Strategic R,SUNEUSR
275,FR0010565515,Tocqueville Olympe Patrimoine P,TOFOLPP
276,FR0007072160,Trusteam Optimum A,TRSTMSE
277,FR0011037894,Vega Euro Rendement RC,EL18ERC
279,LU0367332680,SLF (Lux) Harmony R,SLPFHRC
280,FR0011548858,Adsens AC,ZENSLAC
281,FR0011421197,Astria Equilibre,ASTREQU
282,FR0012902302,Azur Patrimoine,AZPATRI
283,LU0851564038,BCGE Synchrony (LU) Funds - Balanced EUR  A,BCGEBEA
284,LU0212925753,BGF Global Allocation Hdg A2 EUR,MGHMLA2
285,LU1956157132,BNP Paribas Mul-Ast Inc Cl Acc,
286,FR0010080911,BSO Patrimoine,BSTOBSO
287,FR0010135103,Carmignac Patrimoine A EUR Acc,CARMPAT
288,FR0010306142,Carmignac Patrimoine E EUR Acc,CARMPAE
289,FR0010149203,Carmignac Profil Réactif 50 A EUR Acc,CARREAC
290,FR0010878306,Ciflex Allocation,VPFCAFL
291,FR0010790444,Cogefi Flex Moderate P,COFOLAV
292,FR0010097683,CPR Croissance Réactive P,CPRCROI
293,FR0010268227,Danjou Equilibre,FLODJEC
294,FR0010041822,EdR Patrimoine A,LCFSHAB
295,FR0010247023,Elite 1818 Equilibre,
296,LU0080749848,FF - Fidelity Patrimoine A Euro,
297,LU1357655627,Generali Global Multi Asset Inc DX Acc,GEEUMDX
298,FR0010357509,Gutenberg Patrimoine,GIFEUDV
299,FR0011845650,Haas Epargne Réactif C,HASECRC
300,FR0010191197,Harmonis Réactif C,HARMONS
301,FR0011142199,Hastings Patrimoine AC,TUEKHAC
302,FR0007495049,HMG Rendement A/I,HMGREND
303,FR0010479485,Hottinguer Patrimoine Monde,HTPATMD
304,FR0007003868,HSBC Mix Equilibre A/I,HSELEQE
305,LU0740858492,JPM Global Income D (acc)-EUR,JPGIDEA
306,FR0012352524,Keren Fleximmo C,
307,FR0011530534,Lazard Gestion Flexible R,LAZFLXR
308,FR0007019997,LMdG Opportunités Monde 100 (EUR) R,EQUACTI
309,FR0010753608,Mandarine Reflex R,
310,LU0809674541,NN (L) First Cl Mlt Asst P Cap EUR,INGPAEU
311,LU0119195963,NN (L) Patrimonial Balanced P Cap EUR,INGPBAP
312,LU0227384020,Nordea-1 Stable Return BP EUR,NABSRBE
313,FR0000992042,Oddo BHF Patrimoine CR-EUR,ODDPRPR
314,LU1864504425,Oddo BHF Polaris Balanced CRW-EUR,OBPBCRW
315,FR0011510064,Patrimoine Multi-gestion,PMGDIEU
316,FR0010799296,Pluvalca Evolution Europe,PLEVOLA
317,FR0000981458,R Opal Equilibre,ROEMUSE
318,IE00B84TCG88,Russell MltAsst Gr StrtEur I B,RIGRBEU
319,FR0010581736,Sanso Opportunités A,VPERENI
320,IE00BF2N0124,SEI GAF Euro Core EUR Wlth C Acc,SECEWCA
321,IE00BF2MZZ81,SEI GAF Euro Moderate EUR Wlth C Acc,SEMEWCA
322,FR0011668045,SPPI Patrimoine R,SPPIPAR
323,FR0007078589,Sycomore Allocation Patrimoine R,SYCOPAT
324,FR0007018239,Trusteam ROC Flex C,MPMULAC
325,FR0007007968,Vega Monde Equilibre R,
327,FR0010362863,ABN AMRO Total Return Global Equities C,
328,FR0010307876,ActionPrivée Evolutif,AAAFEUR
329,FR0011031582,Adalingue Sélection,
330,FR0011057371,Aguarena Investissement,AGUAINV
331,FR0007071378,Alienor Optimal A,CHALIEN
332,FR0013384062,Alpha Opportunities R,ALPOPOR
333,FR0013114121,Altaïr A,FINALTA
334,FR0011236629,Altiflex,ALTIFLX
335,FR0010729087,Amilton Global Allocation R,
336,FR0011668730,Amilton Solution R,ALTSOLU
337,FR0013258340,Ampriam,AMPRIAM
338,FR0007078688,Anténor,VPANTNO
339,FR0013233103,APC Global Opportunities,APCGOCE
340,FR0010291187,Apprécio C,VPAPPRC
341,FR0011440460,ARC Skyliner C,HIEXPAC
342,FR0011829159,Assemble Evolution,RHDFAEC
343,FR0011422294,Astria Global Flexible,ASTGLFL
344,FR0013298577,Auris Patrimoine C,
345,FR0013403722,Avenir Croissance Patrimoine,AVCRPAT
346,LU0465917390,AXAWF Global Optimal Income E Cap EUR,AXAGLOE
347,LU0184634821,AXA WF Optimal Income EC EUR,AXEOIEC
348,FR0012902310,Azur Performance,
349,FR0000286072,BBM V-Flex AC,MONVLEU
350,FR0013220605,Belharra Club R,BELHCLR
351,FR0010921502,Betamax Global,BETAMXP
352,FR0010305201,BF Evolution,AAAFEVO
353,FR0013187473,Bluebay Patrimoine,BBPATRI
354,FR0010461343,BSO Investissement P,
355,FR0013197472,Capital Long Terme,WISECLT
356,FR0010147603,Carmignac Investissement Lat A EUR Acc,CARINVL
357,FR0010149211,Carmignac Profil Réactif 100 A EUR Acc,CAPR100
358,FR0011010016,CBT Vol 15,CBTVO15
359,FR0011010057,CBT Vol 7.5,CBTVO75
360,LU1379103903,Claresco Allocation Flexible P,CLAFLEP
361,FR0013139292,Convictions MultiFactoriels R,CONMFR4
362,FR0007085691,Sanso Convictions P,CONVICT
363,LU1907594748,DNCA Invest Beyond Alterosa A,
364,FR0007050190,DNCA Evolutif C,DNCAEVO
365,FR0010354837,DNCA Evolutif PEA,DNCAEVP
366,LU1526313249,DNCA Invest Venasquo B EUR,DNIVQBE
367,FR0010557967,Dorval Convictions P,DORCONV
368,FR0010229187,Dorval Convictions PEA,DORCROI
369,FR0010687053,Dorval Global Convictions R,DORFXMA
370,FR0013433505,Echiquier Allocation Flexible B,ECAFXBE
371,FR0011316710,Ecofi Patrimoine Diversifié P,ECOPATD
372,FR0013219243,EdR Equity Europe Solve C,EDREUSC
373,FR0011859149,Eleaur Patrimoine R,ELEAURR
374,FR0007053111,Elite N,ROTELIT
375,FR0010909515,FDE Profil 0-100 AC,ALTP100
376,FR0010259424,Flexigestion Patrimoine,CICOMPT
377,LU0909060385,Franklin Glbl Mlt-Asst Inc A Acc EUR,FMAIAAE
378,FR0010611301,G Patrimoine,ROHISGP
379,FR0011153014,Ginjer Actifs 360 A,GIN360A
380,FR0013291937,Globale Challenge,GLBCHAL
381,FR0013211190,Gutenberg Avenir C,GUTAVEC
382,FR0013311248,Haussmann Patrimoine Convictions,HAUPCCE
383,FR0010776807,Hottinguer Patrimoine Evolution,HTPATEV
384,FR0013293552,Iken A,SANIKEN
385,LU0432616901,Invesco Balanced-Risk Alloc E,INBAAEA
386,FR0013241866,Kilimandjaro,KILIMCE
387,FR0012020774,Kirao Multicaps Alpha C,KIRMCAE
388,FR0012805703,La Française Actions Euro Couvertes R,
389,FR0007382965,Lazard Patrimoine Equilibre,OGESGLO
390,LU1523323860,LF LUX Multi-Asset Income RC EUR,LFMAREC
391,LU1214486299,LFIS Vision UCITS Equity Defender R,LFIEDRE
392,FR0012843266,LM Harmony,LAFLALF
393,FR0007082060,LMdG Familles & Entrepreneurs (EUR) P,VPFVPGP
394,FR0010626853,LMdG Flex Croissance (EUR) R Eur,UBSFACR
395,FR0010172437,LMdG Opportunités Monde 50 (EUR) R,CENOPMD
396,LU0718509606,LO Funds - All Roads MltAst EUR PA,LOARDSP
397,LU1582988058,M&G (Lux) Dynamic Allocation A EUR Acc,MGDAAEA
398,FR0010148007,Maxima A EUR,SYCBEST
399,FR0011859206,MFD Patrimoine IC,MFDPAIC
400,FR0013184637,Océanic Opportunités Monde,OCEOPMO
401,FR0010109165,Oddo BHF ProActif Europe CR-EUR,ODDPREU
402,FR0012562817,Olympus R,
403,FR0010706747,Otea 1 A,OTEA1FD
404,FR0013318136,Panorama Patrimoine,AAMPAPA
405,FR0010564245,Patrimoine Réactif A,FQPATPA
406,FR0013339520,PCA Equilibre,PCAEQUL
407,FR0010541557,R Club C,ELANCLB
408,FR0010537423,R Club F,ELANCLF
409,FR0013367281,R-co Valor Balanced F EUR,RCOVBFE
410,FR0011261197,R-co Valor F EUR,ROTVALF
411,LU1100076550,Rouvier Valeurs,ROUVVAC
412,FR0013252483,SAM Allocation Patrimoniale C,SALLCPC
413,FR0013196656,Sélectiz,SELERCE
414,FR0013196672,Sélectiz PEA,SELPRCE
415,FR0013196680,Sélectiz Plus,SEPLRCE
416,FR0011653815,Septem Invest Global Macro R,NSEPGMR
417,FR0011161264,Sésame Investissement P,DFFLXCV
418,FR0011276302,Sésame Patrimoine P,DFSMPAT
419,FR0010286013,Sextant Grand Large A,AMSEGLA
420,FR0012264802,SLGP Prigest Perles,SLGPPPE
421,FR0010738120,Sycomore Partners Fund P,SYCPARP
422,FR0011530948,Tikehau Income Cross Assets P,
423,FR0013333978,Trekking Evolution C,
424,LU0197216558,UBS (Lux) KSS Glbl Allc (EUR) P,UBSKGAU
425,FR0010364760,Union Dynamique Moyen Terme C,CMAMUEP
426,FR0011631035,Varenne Global,VARGLOB
427,FR0007080155,Varenne Valeur A,
428,FR0010289827,Vega Monde Flexible RC,LCGESTR
429,FR0013281193,Wise3,WISE3CE
430,FR0010588335,Wise4,ROTKLYX
431,FR0013281201,Wise5,WISE5CE
432,FR0013282357,Wise5PEA,WISE5PC
434,LU0072462426,BGF Global Allocation A2 USD,MERGAAI
435,LU0784385840,BGF Global Multi Asset Income A2 USD Acc,BGMAIA2
436,LU0949250376,Franklin Global Fdmtl Strat N Acc €,FTGNNAE
438,LU0367334975,SLF (Lux) Vitality R,SLPFVRC
439,FR0010549360,Athymis Global P,ATALIZE
440,LU0851564384,BCGE Synchrony (LU) Funds Dynamic EUR A,BCGDYEA
441,FR0010148999,Carmignac Profil Réactif 75 A EUR Acc,CARPREA
442,FR0010097642,CPR Croissance Dynamique P,CPRCROD
443,FR0010642280,Ecofi Agir Pour Le Climat C,ECAGDDC
444,LU0433182416,First Eagle Amundi International AHE-C,SOCINAH
445,FR0011516848,Globale Harmonie,TRITRTR
446,FR0012158848,Hastings Investissement,HASTIAC
447,FR0000971863,MAM Optima 25-125 C,MEEPREQ
448,FR0007495593,Mansartis Investissements (C),VIGPGIC
449,FR0000970972,Nouvelle Stratégie 50,NVSTR50
450,FR0000292302,Lazard Patrimoine Croissance C,OBJPATR
451,FR0010233932,Oudart Investissement A/I,VIAINVT
452,FR0010820365,Oudart Multigestion,OUDARTG
453,FR0013339538,PCA Dynamique,PCADYNA
454,FR0007025523,R Opal Croissance,SELRDYN
455,IE00BF2N0785,SEI GAF Euro Aggressive EUR Wlth C Acc,SEAEWCA
456,IE00BF2N0348,SEI GAF Euro Balanced EUR Wlth C Acc,SEIEWCA
457,IE00BF2N0561,SEI GAF Euro Growth EUR Wlth C Acc,SEGEWCA
458,FR0010408872,Sélect-Portefeuilles Opportunités,SOCSPSO
459,FR0000443954,Echiquier Allocation Dynamique A,FLST1EUR
460,FR0010349977,Tempo,CATEMPO
461,FR0012127389,Tikehau Global Value P,TIKGLVP
463,LU0068578508,First Eagle Amundi International AU-C,SOCGISD
465,FR0011035864,Aviva Flexible Emergents A,AVFXEMA
466,LU0592698954,Carmignac Emerging Patrimoine A EUR acc,CAREPAC
467,LU0972618655,JPM Total Emerging Mkts Inc A (acc)-EUR,JPTEAEA
468,LU0972618812,JPM Total Emerging Mkts Inc D (acc)-EUR,JPTEMDE
470,FR0010541813,Actions 21 A,ACTIONS
471,FR0010844365,Amundi Actions France ISR PC,CINFRCP
472,FR0000447864,AXA France Opportunités (C),AXAOPPO
473,FR0000172066,AXA Indice France (C),AXAINDC
474,FR0007478557,BSO France P,BSOFRNC
475,FR0007076930,Centifolia C,DNCACEC
476,FR0010158048,Dorval Manageurs C,DORMANG
477,FR0010588343,EdR Tricolore Rendement C,TRICREC
478,FR0011146448,Fastea Opportunités,FASTOPP
479,FR0010878124,FCP Mon PEA R,LFPMPEA
480,FR0010342055,FOX France,OXFXFRN
481,FR0007472501,Haas Actions Croissance C,PEGNEFR
482,FR0010143545,HSBC Actions Patrimoine (C),PATRIMC
483,FR0012020741,Kirao Multicaps AC,KIRMCAC
484,FR0010657122,Mandarine Opportunités R,MANOPPR
485,FR0010298596,Moneta Multi Caps C,MONMLCP
486,FR0010475772,Oudart Actions Françaises P,OUDAFRP
487,FR0000422842,Pluvalca Allcaps A,PLUVFRA
488,FR0007373469,Richelieu France R,
489,FR0010431015,SG Actions France Sélection,SGFRSEL
490,FR0000973711,Valfrance,PVALFRE
491,FR0010458190,Vega France Opportunités RC,LACFROP
493,FR0010561415,Amilton Small Caps R,AMISMAC
494,FR0010532101,Amplégest Mid Caps AC,AMIDCAP
495,FR0011631050,Amplégest PME AC,AMPMEAC
496,FR0000170391,AXA France Small Cap (C),AXASMAC
497,FR0007073788,Boscary Uzès Sélection,MWBOMBS
498,FR0007040712,BSO 3000,BSO3000
499,LU1379103572,Claresco Avenir P,CLAVENP
500,LU1379104208,Claresco PME P,PMECLAP
501,FR0011749613,Cogefi Chrysalide P,CCHRYSP
502,FR0010565366,CPR Middle-Cap France D,MOBICRO
503,FR0010601971,HMG Découvertes C,HMGDECC
504,FR0010909523,FDE Midcaps AC,ALP50AC
505,LU0261948060,Fidelity Fds France A (C),FFFAEEUR
506,FR0007064324,Generali France Future Leaders C,GENFRSM
507,FR0013333580,Haas Actions Entrepreneurs C,HAAENTC
508,FR0012299238,Haas Actions Opportunités C,
509,FR0011271550,Keren Essentiels C,KERESSC
510,FR0012633311,Kirao Smallcaps AC,KIRSCI2
511,FR0000988933,MAM Entreprises Familiales C,MEENTFA
512,FR0000970923,MAM France PME,FRANIND
513,FR0013280849,Mandarine Entrepreneurs R,MANENTR
514,FR0010262436,Lazard Small Caps France A,OBJSMAR
515,FR0010679902,Lazard Small Caps France R A/I,OBJSMCR
516,FR0000989899,Oddo BHF Avenir CR-EUR,ODDAVEC
517,FR0010166140,Oudart Opportunités France P,OUDOPPF
518,FR0000422859,Pluvalca France Small Caps A,PLUVFSM
519,FR0013186319,Portzamparc Entrepreneurs C,PORENTC
520,FR0000989543,Portzamparc PME C,LFIPME1
521,FR0011466093,Quadrige France Smallcaps,INOQUAC
522,FR0011640986,Quadrige Rendement France Midcaps C,INOQUCC
523,FR0010092197,Richelieu Croissance PME R,
524,FR0010286005,Sextant PEA A,AMSEPEA
525,FR0010922963,Sunny Managers F,REACFIF
526,FR0010111732,Sycomore Francecap R,SYCMICR
527,FR0011645670,Tiepolo PME,LFITIEP
528,FR0010501296,Tiepolo Rendement (C),TIERENC
529,FR0010501312,Tiepolo Valeurs,TIEPVAL
530,FR0010546960,Tocqueville Odyssée,TOCFINC
531,FR0011608421,Tocqueville PME P,TOCPMEP
533,FR0010645515,SLF (F) Equity Euro Zone Min Vol P,SLFEUZP
534,LU0094707279,SLF (Lux) Equity Euro Zone,SWIEQUA
535,LU0256839944,Allianz Euroland Equity Growth A EUR,RCMEEGA
536,FR0010458745,Amundi Actions Euro ISR P,SICEURS
537,FR0007024930,Arca Florilège,ARCAFLO
538,FR0013220621,Belharra Euro R,BELHEUR
539,LU0093502762,BGF Euro-Markets A2 EUR,MEREMAI
540,FR0010137166,BNP Paribas Euro Valeurs Durables (C),
541,FR0007472659,BSO Europe,BSOEURF
542,FR0010953794,CBT Action Eurovol 20 R,CBTAEUR
543,FR0010744532,CPR Euroland P,ABFEUR1
544,FR0010199091,Ecofi Actions Rendement Euro (C),ECACTRC
545,FR0010505578,EdR Euro Sustainable Growth,STHOPME
546,LU1616921158,Eleva UCITS Eleva Euroland Sel A2EUR acc,EESA2EA
547,FR0000004970,Epargne Ethique Actions C,COCEPET
548,FR0007485230,Hottinguer Actions Europe,HRGHEAP
549,LU0165074666,HSBC GIF Euroland Equity A (C),HSBEURQ
550,FR0000437113,HSBC Sustainable Euroland Equity A A/I,SELVINGT
551,LU1240329380,Invesco Eur Eq E EUR Acc,INVEACE
552,FR0010259945,Lazard Actions Euro A,OBJACEU
553,FR0010828913,Lazard Alpha Euro A A/I,OBJALPH
554,FR0010830240,Lazard Alpha Euro R A/I,OBJALPR
555,FR0010586024,Lazard Dividendes Min VaR C,LFOBDVC
556,FR0000003998,Lazard Equity SRI C,LOBETHQ
557,FR0013204187,Lazard Equity SRI RC EUR,LAZERCE
558,FR0011537653,Lazard Recovery Eurozone R A/I,OBJREUR
559,FR0000008963,LBPAM ISR Actions Euro C,POETHIC
560,FR0010028704,LMdG Actions Rendement Euro C,INGPEAC
561,FR0000448987,MAM Human Values (C),MEESAET
562,FR0011351626,Mandarine Active R,
563,FR0012144590,Mandarine Optimal Value R,MANVOVR
564,FR0010632364,Metropole Value SRI A,METVSRI
565,FR0013275112,OFI Financial Invmt Rs Euro Eq Part R,OFIREER
566,FR0010259382,Ostrum Actions Euro Value R,
567,FR0013261807,Quadrige Multicaps Europe C,INOQMCC
568,FR0013176435,RMA Entrepreneurs Impact Europe P,
569,LU0106235293,Schroder ISF Euro Equity A (C),SCHEEAA
571,FR0007027115,Construction Européenne Value,
572,FR0012316180,DNCA Opportunites Zone Euro C,DNCAECE
573,FR0011038785,Dorval Manageurs Europe C,DORVMEC
574,FR0011360700,Echiquier Value Euro A,ECHVALU
575,FR0010214213,Ecofi Actions Croissance Euro (C),ECACCEC
576,LU1730854608,EdRF - Euro Core A EUR,EDEECAE
577,FR0010752964,FDE Multicaps Europe AC,AMPPRMU
578,FR0010560664,Fourpoints Euro Global Leaders R,PIMEURA
579,FR0010361667,FOX Sélection,OXFXSEL
580,FR0000970881,MAM Europa Growth,MEEFRNE
581,FR0000978090,MAM Europa Select,MEESVAL
582,FR0010574434,Oddo BHF Génération CR-EUR,ODDGENC
583,FR0007035159,Prévoir Gestion Actions,CIPREDI
584,FR0010117093,Sycomore European Growth R,SYSMTWR
585,FR0011169341,Sycomore Sélection Responsable R,SYSEREA
586,FR0010546903,Tocqueville Ulysse C,ULYSSEC
588,FR0007061882,Erasmus Mid Cap Euro R,CRMIDCP
589,FR0010288308,Groupama Avenir Euro N,FIGRAVN
590,FR0000990095,Oddo BHF Avenir Euro CR-EUR,ODDPIFR
591,FR0012326791,Quadrator R,MFQUARC
592,FR0000447328,CM-CIC Euro Mid Cap C,
594,FR0013188364,Erasmus Small Cap Euro E,ERSMCEE
595,FR0011640887,Erasmus Small Cap Euro R,EGPPMER
596,FR0000174310,Lazard Small Caps Euro A A/I,LAZOSCE
597,FR0010689141,Lazard Small Caps Euro R A/I,LAZOSCR
598,FR0010426072,Portzamparc Europe PME C,PORAEUC
599,FR0007071931,Prévoir Perspectives C,CIPREPE
600,FR0007468798,R-co Families and Entrepreneurs C EUR,BMMACOP
601,FR0010376368,Synergy Smaller Cies R,SYNSMAR
603,GB0000796242,Baring Europe Select Trust GBP,BAREUSI
604,LU0256787531,LO Funds Eurozone Small & Mid Caps P (C),LUKCEPA
605,FR0013072097,Quadrige Europe Midcaps C,QUADEUR
607,FR0010058008,DNCA Value Europe C,DNCCEUC
608,LU0140363002,Franklin Mutual European A EUR (C),TEMFMEE
609,FR0010554303,Mandarine Valeur R,MANDVAL
610,FR0007078811,Metropole Sélection A,METSELC
611,LU0187077218,SAM Sustainable European Equities D EUR,ROBEURE
613,FR0000989410,Richelieu Europe Quality R,RICHEUR
614,LU1626130220,Synchrony (LU) High Dividend Eurp Stks A,SYNHESA
615,LU1049885806,THEAM Quant - Eq Europe Income C,
616,FR0011465681,Tiepolo Europe Rendement,LAFLAFI
617,FR0010546929,Tocqueville Dividende C,TOCDIVC
619,FR0010074914,SLF (F) Equity Europe Minimum Vol C,SLFAEUR
620,FR0000991432,Amundi Actions Europe ISR P C/D,CACDURA
621,FR0000289902,Amundi Actions Europe P,ATOUSEL
622,FR0011092436,Arc Actions Rendement,FINARCE
623,FR0013196722,Athymis Millennial Europe P,ATHMIEP
624,LU0851564897,BCGE Synchrony (LU) Funds – PEA A ,
625,FR0010651224,BDL Convictions,BDLCONV
626,FR0010137646,BG Long Term Value Z,
627,FR0007079132,Cogefi Europe P,COGEURP
628,FR0010223537,Delubac Pricing Power P,DAMEXEU
629,LU0145635123,Deutsche Invest I Top Europe NC,DWSEENC
630,LU1102959951,EdRF - Europe Synergy A-EUR Acc,EDRESAE
631,FR0011003391,Enjeux Europe R,
632,FR0000008674,Fidelity Europe,FIDEURO
633,LU0048578792,Fidelity Fds European Growth A (D),FIDLEUI
634,LU1234787460,Generali IS SRI Ageing Population DX EUR,GLSRIDX
635,LU0164906959,HSBC GIF European Equity A (C),HSBPNEU
636,FR0000294613,Lazard Alpha Europe A,OBJVALE
637,FR0012817567,Lazard Equity Expansion A,LAZEQEA
638,FR0013221116,Lazard Patrimoine Actions,OBPATAC
639,LU1230572874,LO Funds Eurp Rspnb Eq Enh EUR PA,LOEEPAE
640,FR0000003188,Natixis Stratégie Min Variance Europe,EURACTV
641,FR0010738153,Otea Actions Europe R,OTEAPEA
642,FR0010418053,Oudart Europe P,OUDEURP
643,LU1100076808,Rouvier Europe,ROUVEUR
644,FR0013252459,SAM Allocation Réactive,SALLCAC
645,LU0935229400,Seeyond Europe MinVariance R/A EUR,NATMVER
646,FR0010734046,SLGP ValEurope A/I,CAPFACT
647,LU1235104293,THEAM Quant - Eq Europe Guru C C,TQEEGUC
648,FR0010626796,Véga Europe Convictions,VEGCEQD
650,LU0154234636,BGF European Special Situations A2 EUR,MLEUGRA
651,LU0344046312,Candriam Eqs L Europe Innovation N,DEXEUIN
652,LU0099161993,Carmignac Grande Europe A EUR acc,CAREURC
653,FR0010836163,CPR Silver Age P A/I,CPRSAGP
654,FR0010321828,Echiquier Major SRI Growth Europe A,ECHMAJR
655,LU0119124781,Fidelity Fds European Dyn Growth A (D),FIDEMCF
656,FR0013267150,Ofi RS European Growth Climate Change RC,OFGCCRC
657,FR0000295230,Renaissance Europe C,RENSEUR
658,FR0007045737,Richelieu Pragama Europe R,RICHINV
659,LU0246035637,Schroder ISF Europ Special Sit A,SCHESSA
661,LU0524465977,Alken European Opportunities A,ALKEUOA
662,LU1250158919,Auris SICAV Evolution Europe R Cap,EEVREUR
663,LU0323041763,Digital Stars Europe R,DFSTARR
664,LU0870553459,DNCA Invest Europe Growth B,DIEGRBE
665,LU1490785091,DNCA Invest Norden Europe A EUR,DNNEAAE
666,FR0010321802,Echiquier Agressor,ECHAGRE
667,FR0010330902,Echiquier Agressor PEA,ECHAPEA
668,FR0010863688,Echiquier Positive Impact,ECHENVI
669,LU0049412769,LO Funds - Europe High Conv P A,LOMEURI
670,LU0308864023,MainFirst Top European Ideas A,MFTPEIA
671,FR0007495601,Mansartis Europe (C),VIGFPEA
672,FR0000974149,Oddo BHF Avenir Europe CR-EUR,ODEUMIC
673,FR0007075155,R Opal Europe Special,ROTEMUS
674,FR0010237503,Roche-Brune Europe Actions P,RBCAPAC
675,FR0010546945,Tocqueville Megatrends C,ITHAQUC
676,FR0010547067,Tocqueville Value Europe P,TOCHLDP
678,FR0010149112,Carmignac Euro-Entrepreneurs A EUR Acc,CARFNOM
679,LU1366712435,DNCA Invest Archer Mid-Cap Europe A EUR,DNCAMEA
680,FR0010321810,Echiquier Agenor Mid Cap Europe A,ECHAGEN
681,FR0010177998,EdR Europe Midcaps A,EUROPME
682,LU1920214563,Eleva UCITS Eleva Ldrs SMCap Eurp A2€acc,
683,FR0013342045,Eres Multigestion PME A,ERESMPA
684,LU0489687243,Mandarine Unique Sm & Mid Caps Europe R,MANUSMR
685,FR0000978454,Palatine Europe Small Cap,
687,FR0010687749,Amilton Premium Europe R,SWASILT
688,FR0010762518,Cogefi Prospective P,COGPROS
689,FR0011558246,Echiquier Entrepreneurs,ECHENTR
690,LU0061175625,Fidelity Fds European Smaller Cos A (D),FIDFESI
691,LU1303940784,Mandarine Europe Microcap,MANEMRE
692,FR0011585520,Nova Europe A,NOVAEUA
693,LU0130732364,Pictet-Small Cap Europe-P (C),PIPUEOI
695,LU1681044647,Amundi IS MSCI Nordic ETF-C,CN1
696,LU0087656699,AXA WF Frm Italy A-C EUR,AXWITAC
697,LU0087657150,AXA WF Frm Switzerland AC CHF,AXWSEAC
698,LU0052265898,CS (Lux) Small&Mid Cap Germany Eq B EUR,CRSESEUR
699,LU0284395638,DNCA Invest South European Opp A,
700,LU0261948227,Fidelity Fds Germany A (C),FFGFAEA
701,LU0048584766,Fidelity Fds Italy A,FIDLITI
702,LU0048588080,Fidelity Fds Nordic A (D),FIDLNDI
703,LU0054754816,Fidelity Fds Switzerland A (D),FIDSWLI
704,LU0997480529,Generali IS European Recovery Eq D € Acc,
705,FR0012881761,Hanséatique A,VEHANSA
706,LU0390221256,MainFirst Germany A,MFGERMA
707,LU0064675639,Nordea-1 Nordic Equity BP EUR,FRTISEQ
708,LU1079987720,Nordea 1 - Nordic Stars Equity BP EUR,NOSEBPE
709,FR0000299356,Norden,VERNORD
710,LU1626129727,Synchrony (LU) Swiss All Caps (CHF) A,SYNSACA
711,LU1626130063,Synchrony (LU) Swiss S & M Caps (CHF) A,SYNSSMA
713,LU0462862359,SLF (Lux) Equity Global High Dividend R Cap,SLEQHRA
714,FR0000973562,Ecofi Actions Rendement (C),ECACTIO
715,LU0772969993,Fidelity Global Dividend A-Acc-USD,FFGDAAU
716,LU1038895451,Fidelity Global Dividend E-Acc-EUR,FFGDEEA
717,LU1670710075,M&G (Lux) Glb Dividend A EUR Acc,MGGDEAA
718,LU0146257711,NN (L) Global High Div P Cap EUR,INGGHPC
720,LU0161986921,LO Funds Golden Age P EUR (C),DHLIFEI
722,LU1160358633,EdRF Global Value A-EUR,EDRGLVE
723,LU0211333025,Franklin Mutual Global Disc A EUR (C),FMGDAAE
724,LU0211333298,Franklin Mutual Global Disc N EUR,FMGDNAE
726,FR0011586544,Aviva Grandes Marques A A/I,AVGMARA
727,LU0851564541,BCGE Synchrony (LU) World Equity (EUR) A,BCGWEUA
728,LU0956005226,BNP Paribas Glb Eq Cl Cap,PEBSWCL
729,FR0010506071,BSO Multigestion,BSOMUTL
730,FR0012287381,CM-CIC Global Leaders C,CICGLCA
731,LU1811426342,CPR Invest GEAR World A EUR Acc,CPIGWAE
732,LU0383784146,DNCA Invest Beyond Global Leaders B EUR,LGBLBCE
733,BE0948982310,DPAM INVEST B Eqs NewGems Sust L Cap,DPABEWL
734,LU1819480192,Echiquier Artificial Intelligence A EUR,ECHARIA
735,FR0010701433,Enjeux Nouveaux Mondes,RENJNMC
736,LU1261432659,Fidelity World A-Acc-EUR,FIWAAEU
737,FR0011008762,H2O Multiequities R,H2OMERC
738,LU0147944259,Harris Associates Global Eq Fd R/A EUR,CDCOGRE
739,LU0309123817,HSBC GIF Emerging Wealth A (C),
740,FR0000438905,HSBC Sustainable Global Equity G,SESTINT
741,FR0010396416,Lazard Multigestion Actions,OBJMGAC
742,LU1670715207,M&G (Lux) Glb Select A EUR Acc,MGGSEAA
743,GB0030932676,M&G Global Themes Euro A Acc,MGGBEAA
744,LU1919842267,Oddo BHF Artificial Intelligence CR EUR,ODAICRE
745,FR0000446692,Oddo BHF Investissement CR-EUR,OGESAUD
746,LU0386882277,Pictet Global Megatrend Sel-P EUR,PFLGPCE
747,LU0270904781,Pictet Security-P EUR,PFSECPC
748,FR0013330461,R Expansion Flexible,
749,FR0010563064,R Opal Biens Réels F,
750,IE00B95LZY92,Russell Inv Global Defensive Eq U,
751,LU0935231216,Seeyond Global MinVariance R/A EUR,NATMVMR
752,FR0010286021,Sextant Autour du Monde A,AMSAMON
753,LU1626130816,Synchrony (LU) Silk Road Zone Stocks A,SYNSRZA
754,LU1951200481,Thematics Al and Robotics R/A EUR,TAIRRAE
755,LU1951204046,Thematics Meta R/A EUR,TMEFRAE
756,LU1951225553,Thematics Safety R/A EUR,TSFRAEU
757,FR0000979221,Valeur Intrinsèque P,VALINTR
759,FR0013173374,Athymis Millennial P,ATHMIL
760,FR0010148981,Carmignac Investissement A EUR Acc,CARINVT
761,FR0010312660,Carmignac Investissement E EUR Acc,CARINVE
762,FR0000284689,Comgest Monde C,CGMONDE
763,FR0010859769,Echiquier World Equity Growth,ECHGLBC
764,LU0864709349,MainFirst Global Equities Fund A,MFGLEQA
765,FR0007062567,Talents,DNCATAL
766,FR0010981175,Trusteam ROC A,TRSROCA
768,LU0868490383,AXA WF Frm Glbl Small Caps A C EUR,AXGLSAE
769,LU0868490979,AXA WF Frm Glbl Small Caps F C EUR,AXGLSFE
770,LU1329694266,Mandarine Global Microcap R,MGMCRAE
772,FR0007028287,Fourpoints America RH EUR,PIMAMER
773,LU0316494391,Franklin U.S. Opportunities A Acc € H1,TEUSACH
774,IE0009534169,Janus US Venture A EUR Acc Hedged,JAVTA1E
775,LU0157182857,JPM US Select Equity A (acc) EURH,JPUSSAH
776,FR0011010149,Natixis Actions US Growth H-R,NAUSFHR
777,FR0011146786,Ostrum Global Alpha Consumer H-R,
778,FR0011069137,R Conviction USA H,ELNUSAH
779,LU0511785726,UBS (Lux) ES USA Growth P EUR Hgd,UBUSAPA
781,LU1894683009,Amundi Fds Pinr US Eq Rsrch Val A USD C,APURVAU
782,FR0000447807,AXA Amérique Actions A (C),AXAAMAC
783,LU1103303167,EdRF - US Value & Yield A-EUR Acc,EDUVYAE
784,LU0251127410,Fidelity America A EUR (C),FIDAAEA
785,LU0048573561,Fidelity America A USD (D),FIDLAMI
786,LU0140362889,Franklin Mutual Beacon N EUR,TEMMBXE
788,LU1055220450,Swiss Life (LUX) Equity USA R USD Cap,SWLEQUR
789,FR0010153320,Amundi Actions USA ISR P,ATAMERQ
790,FR0007479316,BSO Amérique,BSOAMER
791,FR0010501858,CPR USA P,CPRAUS1
792,LU0139292113,Franklin U.S. Equity N (C) €,
793,LU0109391861,Franklin US Opportunities A (C) $,TEMAGAI
794,FR0013333549,MAM Sustain USA C,MAMSUST
795,FR0010317487,Mansartis Amérique,PGCAMRC
796,FR0007074695,Lazard Actions Américaines A,REACAME
797,FR0013254331,Lazard Actions Américaines AC H EUR,LAOACHE
798,FR0012222016,Lazard Amérique Min VaR,
799,FR0011212547,R Conviction USA C,ELNUSAS
800,FR0010547059,Tocqueville Value Amérique P,TOCVAME
802,LU0275692696,Fidelity American Growth A EUR (C),FIDAGAE
803,LU0225737302,MS INVF US Advantage A,MORAMFA
804,FR0010236877,Natixis Actions US Growth R USD,NAUSFGC
806,FR0000988669,Oddo US Mid Cap CR-EUR,ODUSMDP
807,LU0251807045,BNP Paribas US Mid Cap Classic EUR R,PARUMCE
809,LU1143164405,Allianz Japan Equity AT (H-EUR),AJEATHE
810,IE0031069721,AXA Rosenberg Japan Small Cp Alpha B EUR,AXAEUBB
811,LU0048587603,Fidelity Fds Japan Smaller Cos A (D),IPGD
812,LU0611489658,Fidelity Japan Advantage A-Eur-Hdg,FIDADEH
813,FR0010206144,Mansartis Japon,PGCJAPN
814,FR0000004012,Lazard Japon A,LOJAPAN
815,FR0010320366,Lazard Japon Couvert,OBJPCVT
817,IE0004852103,Baring Eastern Europe A EUR,BRGESEE
818,LU0062756647,DWS Osteuropa,DWSPSEU
819,LU0332315638,East Capital Eastern Europe A EUR,ECESTAE
820,LU0051759099,JPM Eastern Europe Equity A (D),FLEFEEI
821,FR0007085808,Metropole Frontière Europe,METFRON
822,FR0000978587,Ofi RCM Europe de l'Est,
823,LU0265293521,BNP Paribas Turkey Equity Classic R,FLETURC
824,LU0130728842,Pictet - Emerging Europe P EUR,PIFLU
825,LU0106817157,Schroder ISF Emerging Europe A EUR (C),SCHEMAA
827,LU0132412106,Aberdeen Global Emerging Markets Eq A2,ABEFROA
828,FR0010188383,Amundi Actions Emergents P,ATOUTEM
829,LU0327690391,AXA WF Frm Em Markets EC EUR,AXAFEUA
830,IE0004850503,Baring Global Emerging Markets EUR,BRGGEME
831,FR0010149302,Carmignac Emergents A EUR Acc,CAREMER
832,LU0336083810,Carmignac Emerging Discovery A EUR acc,CAREMDS
833,LU1103293855,EdRF - Global Emerging A-EUR Acc,EDREMAE
834,LU1048684796,Fidelity Emerging Markets A-Acc-EUR,FFEKAAE
835,LU0303816705,Fidelity Fds EMEA A EUR (C),FIEMEUR
836,LU0303816887,Fidelity Fds EMEA E,FIEMEAE
837,LU0261950470,Fidelity Fds Emerging Mkts A USD (C),FIEMAAU
838,LU0048575426,Fidelity Fds Emerging Mkts A USD (D),FIDLEMI
839,LU0048587868,Fidelity Fds Malaysia A,FLMLU
840,FR0011268705,GemEquity R,GWAGEUR
841,FR0010241240,HMG Globetrotter C,HMGGLTC
842,LU0708055370,HSBC GIF Frontier Markets A EUR Acc,HSGFACE
843,LU0318933487,JPM Em Mkts Small Cap D (acc) perf EUR,JEMSDEA
844,LU0053685615,JPM Emerging Markets Equity A USD (D),FLEFEMI
845,FR0010380675,Lazard Actions Emergentes R,OBJAEMR
846,FR0000985061,LCL Actions Emergents,INVEMER
847,LU0357530012,LO Funds Emerg Rspnb Eq Enh EUR RA,LOGEMRA
848,FR0000292278,Magellan C,MAGLNSV
849,FR0010706960,Ostrum Actions Global Emergents R,NATGEMR
850,LU0725974603,Pictet-Emerg Mkt Sustainable Eq R EUR,PTEMSRE
851,FR0010323303,R Opal Emergents F EUR,ROEMEMC
852,LU0562313402,Schroder ISF Frontier Markets Eq A,SISFMEA
853,LU0109402221,Templeton Emerging Markets N,TEMEMXA
854,LU0390137973,Templeton Frontier Markets N,TEMFMNE
856,LU0214875030,HSBC GIF BRIC Equity M2 (C),HSBRIM2
857,LU0254981946,HSBC GIF BRIC Markets Equity A (C),HSBRCAC
858,LU0286061501,OFI Invest BRICA R,OMSBRCA
859,LU0232931963,Schroder ISF BRIC A EUR,SCHBREA
861,LU0196696453,HSBC GIF Brazil Equity A (C),JM5C
862,LU0196696966,HSBC GIF Brazil Equity E (C),HSBZECU
864,LU0594300096,Fidelity China Consumer A-Acc-EUR,FIDCAAE
865,LU0048580855,Fidelity Fds Greater China A,FIDLHKI
866,FR0007043781,Ofi Ming,OFIMING
868,IE0004866889,Baring Hong Kong China EUR,BRGHKGE
869,LU1160365091,EdRF China A-EUR,EDRCHAE
870,LU0173614495,Fidelity China Focus A USD,FIDFDFO
871,LU0164865239,HSBC GIF Chinese Equity A (C),JM5U
872,LU0823426308,BNP Paribas China Eq Cl C,INT4280
874,LU0236502315,Amundi Fds SBI FM India Eq EQ G USD C,CAFINDS
875,FR0010479931,EdR India A,STHINDE
876,LU0197230542,Fidelity India Focus A EUR,FIDINAE
877,LU0164881194,HSBC GIF Indian Equity A (C),HSBCIAC
878,LU0058908533,JPM JF India A (D),FLEINDI
880,LU0146864797,DWS Russia,DWWM
881,LU0272828905,East Capital Russia A EUR,ECRFAEU
883,FR0007000351,BSO Asie,BSOASIE
884,LU0145648290,Deutsche Invest I Top Asia LC,DWSTALC
885,LU0368678339,Fidelity Fds Pacific A EUR,FFPACIA
887,IE0004868604,Baring Asia Growth EUR,BRGOCPE
888,FR0007450002,CG Nouvelle Asie,CGNVASI
889,LU0147921554,Ostrum Pacific Rim Equity R/A EUR,CDCPRRE
890,LU0261946445,Fidelity Asia Focus A-Acc-EUR,FSEAAEA
891,LU0048597586,Fidelity Asia Focus A-USD,FIDLSEI
892,LU0054237671,Fidelity Fds Asian Special Sits A USD(D),FIDASSI
893,LU0115143082,Invesco Asia Opportunities Equity E,INVASIE
894,FR0000448953,MAM Asia,MEEASIE
895,FR0007481429,Mansartis Asie,VIGPGCA
896,LU0255977299,Pictet Asian Equities Ex Japan-R EUR,PFASEQR
897,LU0152928064,Templeton Asian Growth N,TEMFRBX
899,GB0000840719,Baring Korea Trust,BRGKOTA
900,LU0048574536,Fidelity Fds Australia A (D),FIDLAUI
901,LU0055114457,Fidelity Fds Indonesia A,FIDINDI
902,LU0048621477,Fidelity Fds Thailand A,FIDLTHI
904,LU0201575346,Amundi Fds Eq Latin America AU-C,LATAEAC
905,LU0171289571,BGF Latin American E2 EUR,MLATEEE
906,LU0050427557,Fidelity Fds Latin America A,FIDLLAI
907,LU0094040077,Templeton Latin America N,TEMLABI
909,LU0569690554,Amundi Fds Eq MENA AE-C,SGMENAE
911,LU1430036985,CS (Lux) Global Robotics Equity BH EUR,CSGRBHE
912,LU1540723068,LO Funds Global Rspnb Eq Syst.H EUR RA,LOGRRAE
914,LU0273147834,Deutsche Invest I Global Agribusiness FC,DWIGAFC
915,BE0947764743,DPAM INVEST B Eqs Sust Food Trnds B Cap,PAMAGRB
917,FR0010058529,AAA Actions Agro Alimentaire R (C),AAACSVI
918,LU1082942308,EdRF Premiumsphere A-EUR,
919,LU0390857471,Nordea-1 Emerging Consumer BP EUR,NOEMBPE
920,LU0217138725,Pictet Premium Brands-R EUR,PPGPMBR
921,LU0217139020,Pictet-Premium Brands-P EUR (C),PPGPMBP
923,FR0007028063,Arc Actions Biotech A,MERCBIO
924,LU1683285164,CS (Lux) Global Digital Hlth Eq B USD,CSGDHBU
925,LU0109394709,Franklin Biotechnology Discovery A USD,TEMBDAI
926,LU0255977455,Pictet Biotech-P EUR,PFBIOPC
927,LU0090689299,Pictet Biotech-P USD,PIPBIOI
929,LU0099575291,Fidelity Global Infrastructure A-EUR,FIDFTLI
931,FR0010592022,Ecofi Enjeux Futurs C,ECDEDUC
932,FR0010748368,LBPAM ISR Actions Environnement C,LBPENVC
933,FR0000970949,MAM Transition Durable Actions C,MEESAEN
934,LU0914733059,Mirova Europe Environmental Eq R/A EUR,NETEXHE
935,LU0406802339,BNP Paribas Climate Impact Cl C,PVENOCC
936,LU0347711466,BNP Paribas Global Envir Cl C,PARGECC
937,LU0823437925,BNP Paribas Green Tigers Cl EUR Cap,FORGRTC
938,FR0010086520,Performance Environnement A,
939,LU0503631987,Pictet - Global Envir Opps R EUR,PIEMSRE
941,LU0171301533,BGF World Energy A2 EUR,MERENYA
942,LU0122376428,BGF World Energy A2 USD,MERENER
943,LU0123357419,Invesco Energy A,INVENFA
944,LU0823414635,BNP Paribas Energy Transition C C,GEQ4426
945,LU0256331488,Schroder ISF Global Energy A USD,SCHGLAA
947,LU0124384867,BGF Sustainable Energy A2 USD,MERNEWA
948,LU0171290074,BGF Sustainable Energy E2,MERNEEE
949,FR0013293495,EdR Energy Evolution C,
950,LU0280435388,Pictet Clean Energy-P EUR,PFLCLEN
951,LU0280435461,Pictet Clean Energy-R EUR,PFLCLNR
952,LU0175571735,RobecoSAM Smart Energy B EUR,JSALU
954,LU1876459303,Axiom Equity R,AXIEQRE
956,FR0000011959,Allianz Immo (C),
957,FR0000095465,Aviva Valeurs Immobilières A/I,CROSIMB
958,FR0000172041,AXA Aedificandi A (C),AXAAEDC
959,FR0010156216,BNP Paribas Immobilier Responsable C C,BNPIMMC
960,LU1379104976,Claresco Foncier Valor P,CLAVALP
961,FR0010444992,CM-CIC Pierre C,CICACTP
962,FR0010541821,Immobilier 21 A (C),IMM21AC
963,FR0011885797,Martin Maurel Pierre Capitalisation R,BMMPCAR
964,FR0010119917,Lazard Actifs Réels C,OBJACTC
965,LU0283511359,BNP Paribas Europe Real Estt Scs Cl C,PAREECA
966,FR0011694256,Sofidy Selection 1 P,SOFSL1P
968,LU0237698757,Fidelity Fds Global Property A EUR,FIDGLAC
969,IE0033534995,Janus Globl Real Estate A EUR Acc Hedged,JANRA2E
971,FR0010668145,BNP Paribas Aqua P,BNPAQUP
972,LU0309082799,DNCA Invest Beyond Infras & Trans B EUR,
973,LU1160360886,EdRF - Infrasphere A-EUR Acc,
974,LU1892829828,Fidelity Sust Water & Waste A Acc EUR,FSWWAAE
975,LU0133061175,JB MP RobecoSAM Sustainable Water B EUR,JBSAMEUR
976,LU0104884860,Pictet-Water-P EUR (C),PICWAPA
977,LU1951229035,Thematics Water R/A EUR,TWAFRAE
979,LU1547512548,BNPP E Energy & Metals EnhRoll Tr ClRH€C,
981,LU0171305526,BGF World Gold A2 EUR,MIGGMFX
982,FR0007390174,CM-CIC Global Gold C,CMACTOR
983,FR0007047527,Global Gold And Precious,GLGOLPR
984,FR0011170182,OFI Financial Invmt Precious Metals Part R,PRIMPMR
985,FR0007001581,R Mines d´Or,SOGMIDO
986,FR0010649772,Tocqueville Gold P,TOGOLDP
988,FR0010011171,AXA Or et Matières Premières (C),AXAORMC
989,LU0172157280,BGF World Mining A2 EUR,MIGWMEA
990,LU0164455502,Carmignac Commodities A EUR acc,CARCOMM
991,LU0208853274,JPM Global Natural Resources A (C),FLEGNRE
992,FR0000423527,SG Actions Matières Premières,NATRGEF
994,LU0171307068,BGF World Healthscience A2 EUR,MERHLEA
995,FR0007005764,BSO Bio Santé,BSOBISA
996,LU1160356009,EdRF Global Healthcare A-EUR,EDRGLHA
997,LU0114720955,Fidelity Fds Global Health Care A (D),FIDHCFE
998,LU1021349151,JPM Global Healthcare D (acc) EUR,JPGHDEA
999,FR0010219808,Performance Vitae A,
1001,LU1244893696,EdRF Big Data A EUR,EDRGDAE
1002,LU0099574567,Fidelity Fds Global Technology A,FIDFTEI
1003,FR0013076528,Pluvalca Disruptive Opportunities A,PUDIOPA
1004,LU0340555134,Pictet-Digital R EUR,PFLDCRE
1006,LU0523223328,Aberdeen Global Emg Mkt Infra Eq A2 HEUR,AINA2EA
1007,LU0523222866,Aberdeen Global Infras S-2 EUR (C),AINS2EA
1008,LU0326423224,BGF World Gold Hedged E2 EUR,MIWGDUE
1009,LU0326425351,BGF World Mining Hedged E2 EUR,MIGWMGE
1010,IE0002122038,Janus Glbl Life Science A EUR Acc Hedged,JAGLA1E
1011,LU0690086581,LO Funds - Emerging Consumer (EUR) P A,LOECPAE
1013,FR0000400434,Elan France Bear,ROTHINB
1014,LU0090272112,Gestion Cosmos Lux Intl Diversifie Acc,COSINTC
1016,FR0010956912,SwissLife Dynapierre C,SLDYNPC
1017,FR0013228715,Preimium B,REIMIUB
1019,QS0002017190,Pierre Capitale,
1020,QS0000135754,Actipierre Europe,
1021,QS0002004610,Efimmo 1,
1022,QS0007945767,Epargne Foncière,
1023,QS0002004602,Immorente,
1024,QS0000181626,Laffitte Pierre,
1025,QS8038578469,LF Europimmo,
1026,SCPI00003719,Patrimmo Commerce,
1027,QS0513811638,PFO2,
1028,QS0507646446,Primopierre,
1029,QS0752924845,Primovie,
1030,QS0440388411,Rivoli Avenir Patrimoine,
1031,QS0007000038,Selectinvest1,
1033,QS0499341469,"Primonial Capimmo
Frais de souscription de 2%",
1034,QS0000309905,"Sofidy Convictions Immobilières A
Frais de souscription de 2%",
1036,QS0010220182,"LF Philosophale 2
Frais de souscription de 1%",
1038,FR0010540385,SLF (F) Money Market Euro P,SLFMONP
1039,FR0013301629,SLF (F) Short Term Euro P1,SLFSTP1
1040,FR0013301652,SLF (F) Short Term Euro P2,SLFSTP2
1041,FR0013301603,SLF (F) Short Term Euro P3,SLFSTP3
1042,FR0013301611,SLF (F) Short Term Euro P4,SLFSTP4
1043,FR0013301637,SLF (F) Short Term Euro P5,SLFSTP5
1045,LU1287023268,Lyxor EuroMTS 15+Y Invst Grd (DR) ETF C€,MTF
1046,FR0010510800,Lyxor Euro Cash ETF Acc A/I,CSH1
1047,LU1829218822,Lyxor Euro Corporate Bd Ex Fcl ETF P Acc,CNB
1048,LU1650491282,Lyxor Euromts Infl Lkd Inv Grd (DR) ETF,EMI
1049,LU1650489385,Lyxor Euromts 10-15Y Inv Grd (DR) ETF,MTE
1050,LU1287023003,Lyxor ETF EuroMTS 5-7Y InvstGrd DR A/I,LYMTC
1051,LU1287023185,Lyxor ETF EuroMTS 7-10Y InvstGrd DR A/I,MTD
1052,LU1686832194,Lyxor UtLgDtErGtFtMt25+Ydr ETF CEUR Acc,MTH
1053,LU1215415214,Lyxor iBoxx EUR Lqd Hi Yld BB ETF C-EUR,HYBB
1054,LU1681041205,Amundi IS Global Em Bd Mrkt IBOXX ETF-C,AGEB
1056,LU1237527160,Lyxor FTSE Europe Minimum Var ETF C €,MVAEEUR
1057,FR0007052782,Lyxor ETF CAC 40 (DR) D-EUR A/I,CAC
1058,FR0007054358,Lyxor Euro Stoxx 50 DR ETF D-EUR A/I,LYSX
1059,LU0252633754,Lyxor DAX (DR) ETF,DAX
1060,LU0908500753,Lyxor Stoxx Europe 600 (DR) ETF C EUR,MEUD
1061,LU1812092168,Lyxor STOXX Europe Sel Div 30 ETFDistEUR,SEL
1062,LU1598688189,Lyxor MSCI EMU Growth (DR) ETF C EUR,LGWT
1063,LU1598690169,Lyxor MSCI EMU Value (DR) ETF C EUR,LGWS
1064,LU1598689153,Lyxor MSCI EMU Small Cap ETF C EUR,LGWU
1065,LU1681044217,Amundi ETF MSCI Netherlands,
1066,FR0013284304,Amundi ETF iStoxx Eurp Mul-Fact Mkt Netr,MKTN
1068,FR0010315770,Lyxor ETF MSCI World D-EUR A/I,WLD
1069,LU1081771369,Lyxor SG Global Value Beta ETF C-USD,SGVBEUR
1071,FR0007056841,Lyxor ETF Dow Jones Industr Avrg D€ A/I,DJAM
1072,LU1829221024,Lyxor Nasdaq 100 ETF Inc,UST
1073,LU0496786574,Lyxor S&P 500 ETF D-EUR,LYPS
1075,LU0496786731,Lyxor Canada (S&P/TSX 60) ETF D-EUR,LYPT
1077,FR0010245514,Lyxor ETF Japan (TOPIX) D-EUR A/I,JPN
1078,LU1646359452,Lyxor JPX-Nikkei 400 DR ETF C EUR,JPX4
1080,LU0496786905,Lyxor Australia (S&P ASX 200) ETF D-EUR,LYPU
1082,FR0010429068,Lyxor ETF MSCI Emerging Markets C-EUR,LYXLEM
1083,LU1900066207,Lyxor MSCI Brazil ETF Acc,RIO
1084,LU1900068914,Lyxor China Enterprise HSCEI ETF Acc EUR,ASI
1085,FR0010361683,Lyxor ETF MSCI India C-EUR,INDI
1086,LU1923627092,Lyxor MSCI Russia ETF Acc,RUS
1087,LU1900068328,Lyxor MSCI AC AsiaPac Ex Jpn ETF Acc EUR,AEJ
1088,LU1900067437,Lyxor MSCI Thailand ETF Acc,LYXT
1089,LU1900066629,Lyxor MSCI EM Latin America ETF Acc,LTM
1091,LU1812091947,Lyxor Privex ETF Dist EUR,PVX
1093,FR0010688184,Amundi ETF MSCI Eurp Consumer Dscrtn A/I,CD6
1094,LU1834983394,Lyxor Stoxx Europe 600 Automobiles & Parts UCITS ETF,AUT
1095,LU1834988351,Lyxor Stoxx Europe 600 Personal & Household Goods ,PHG
1097,LU0533034129,Lyxor MSCI World Telecom Svcs TR ETF C€,TELEW
1099,LU1834988278,Lyxor Stoxx Europe 600 Oil & Gas ETF Acc,OIL
1100,FR0010524777,Lyxor ETF New Energy D-EUR A/I,LYNRJ
1101,LU0533032420,Lyxor MSCI World Energy TR ETF C-EUR,ENERW
1103,LU1829219390,Lyxor Euro Stoxx Banks (Dr) ETF P Acc,BNKE
1105,LU1812091194,Lyxor FTSE EPRA/NAREIT DevEurpETFDistEUR,MEH
1107,LU1832418773,Lyxor FTSE Epr/Nrt Glbl Dev ETF DEUR Inc,MWO
1108,LU1832418856,Lyxor FTSE EPRA/NAREIT US ETF Dist EUR,MUA
1110,FR0010791137,Amundi ETF MSCI Europe Materials A/I,
1111,LU0533033402,Lyxor MSCI World Indtls TR ETF C-EUR,INDGW
1113,LU0854423687,Lyxor MSCI ACWI Gold ETF C-EUR,GLDMUSD
1115,LU0533033238,Lyxor MSCI World Hlth Care TR ETF C-EUR,HLTW
1117,LU0533033667,Lyxor MSCI World Info Tech TR ETF C-EUR,TNOW
1119,FR0010411884,Lyxor ETF CAC 40 Daily Double Short A/I,BX4
